cust_id,lookalike_id,score
C0020,C0063,0.9993264511960818
C0020,C0167,0.9993416605407588
C0020,C0080,0.9998941335299402
